height,width,xmin,xmax,ymin,ymax,die,filename,class,ID
920,1280,312,351,104,143,die,107.jpg,PAD1,1
920,1280,371,408,106,142,die,107.jpg,PAD1,1
920,1280,315,353,182,219,die,107.jpg,PAD1,1
920,1280,372,409,181,219,die,107.jpg,PAD1,1
920,1280,197,233,266,303,die,107.jpg,PAD1,1
920,1280,254,290,266,302,die,107.jpg,PAD1,1
920,1280,320,354,265,300,die,107.jpg,PAD1,1
920,1280,376,413,265,303,die,107.jpg,PAD1,1
920,1280,441,477,265,300,die,107.jpg,PAD1,1
920,1280,498,533,264,300,die,107.jpg,PAD1,1
920,1280,563,597,264,299,die,107.jpg,PAD1,1
920,1280,618,655,263,301,die,107.jpg,PAD1,1
920,1280,557,593,105,140,die,107.jpg,PAD1,1
920,1280,614,650,103,141,die,107.jpg,PAD1,1
920,1280,559,594,181,217,die,107.jpg,PAD1,1
920,1280,614,652,179,218,die,107.jpg,PAD1,1
920,1280,683,718,263,299,die,107.jpg,PAD1,1
920,1280,740,775,264,299,die,107.jpg,PAD1,1
920,1280,799,835,100,139,die,107.jpg,PAD1,1
920,1280,799,836,178,215,die,107.jpg,PAD1,1
920,1280,857,893,176,215,die,107.jpg,PAD1,1
920,1280,804,839,262,298,die,107.jpg,PAD1,1
920,1280,857,892,102,138,die,107.jpg,PAD1,1
920,1280,1044,1079,97,135,die,107.jpg,PAD1,1
920,1280,1102,1137,95,133,die,107.jpg,PAD1,1
920,1280,860,896,262,297,die,107.jpg,PAD1,1
920,1280,925,960,259,296,die,107.jpg,PAD1,1
920,1280,982,1017,260,295,die,107.jpg,PAD1,1
920,1280,1047,1083,258,294,die,107.jpg,PAD1,1
920,1280,1045,1080,175,211,die,107.jpg,PAD1,1
920,1280,1102,1137,173,209,die,107.jpg,PAD1,1
920,1280,1104,1140,256,292,die,107.jpg,PAD1,1
920,1280,1082,1114,590,623,die,107.jpg,PAD1,1
920,1280,1052,1087,627,662,die,107.jpg,PAD1,1
920,1280,1108,1144,625,660,die,107.jpg,PAD1,1
920,1280,958,993,589,625,die,107.jpg,PAD1,1
920,1280,986,1023,624,662,die,107.jpg,PAD1,1
920,1280,929,966,624,663,die,107.jpg,PAD1,1
920,1280,837,870,589,624,die,107.jpg,PAD1,1
920,1280,866,899,628,663,die,107.jpg,PAD1,1
920,1280,808,844,628,664,die,107.jpg,PAD1,1
920,1280,717,749,592,625,die,107.jpg,PAD1,1
920,1280,688,724,628,663,die,107.jpg,PAD1,1
920,1280,744,780,627,664,die,107.jpg,PAD1,1
920,1280,597,629,591,627,die,107.jpg,PAD1,1
920,1280,624,658,628,664,die,107.jpg,PAD1,1
920,1280,568,603,630,665,die,107.jpg,PAD1,1
920,1280,475,509,593,627,die,107.jpg,PAD1,1
920,1280,504,537,631,664,die,107.jpg,PAD1,1
920,1280,447,481,632,666,die,107.jpg,PAD1,1
920,1280,382,417,632,666,die,107.jpg,PAD1,1
920,1280,354,387,594,629,die,107.jpg,PAD1,1
920,1280,325,359,632,667,die,107.jpg,PAD1,1
920,1280,260,296,633,667,die,107.jpg,PAD1,1
920,1280,232,266,594,631,die,107.jpg,PAD1,1
920,1280,202,237,634,669,die,107.jpg,PAD1,1
920,1280,689,724,43,80,die,108.jpg,PAD1,1
920,1280,747,781,41,79,die,108.jpg,PAD1,1
920,1280,719,753,80,116,die,108.jpg,PAD1,1
920,1280,811,847,42,77,die,108.jpg,PAD1,1
920,1280,869,902,41,76,die,108.jpg,PAD1,1
920,1280,933,967,40,74,die,108.jpg,PAD1,1
920,1280,991,1025,38,74,die,108.jpg,PAD1,1
920,1280,963,995,78,111,die,108.jpg,PAD1,1
920,1280,1055,1089,35,71,die,108.jpg,PAD1,1
920,1280,1112,1148,35,72,die,108.jpg,PAD1,1
920,1280,1083,1120,75,110,die,108.jpg,PAD1,1
920,1280,840,875,79,116,die,108.jpg,PAD1,1
920,1280,1115,1151,406,441,die,108.jpg,PAD1,1
920,1280,1057,1093,406,442,die,108.jpg,PAD1,1
920,1280,993,1028,406,443,die,108.jpg,PAD1,1
920,1280,936,971,406,444,die,108.jpg,PAD1,1
920,1280,871,906,408,444,die,108.jpg,PAD1,1
920,1280,816,848,410,444,die,108.jpg,PAD1,1
920,1280,751,785,411,445,die,108.jpg,PAD1,1
920,1280,694,729,410,446,die,108.jpg,PAD1,1
920,1280,996,1033,489,526,die,108.jpg,PAD1,1
920,1280,940,975,491,527,die,108.jpg,PAD1,1
920,1280,997,1032,566,600,die,108.jpg,PAD1,1
920,1280,941,976,567,601,die,108.jpg,PAD1,1
920,1280,754,789,492,528,die,108.jpg,PAD1,1
920,1280,697,733,493,528,die,108.jpg,PAD1,1
920,1280,698,733,566,602,die,108.jpg,PAD1,1
920,1280,755,790,566,602,die,108.jpg,PAD1,1
920,1280,626,660,42,79,die,108.jpg,PAD1,1
920,1280,569,603,45,80,die,108.jpg,PAD1,1
920,1280,597,632,82,119,die,108.jpg,PAD1,1
920,1280,503,540,45,81,die,108.jpg,PAD1,1
920,1280,477,511,84,120,die,108.jpg,PAD1,1
920,1280,447,483,45,82,die,108.jpg,PAD1,1
920,1280,382,418,45,82,die,108.jpg,PAD1,1
920,1280,354,390,84,120,die,108.jpg,PAD1,1
920,1280,324,360,45,81,die,108.jpg,PAD1,1
920,1280,259,296,45,82,die,108.jpg,PAD1,1
920,1280,232,267,84,120,die,108.jpg,PAD1,1
920,1280,629,666,413,446,die,108.jpg,PAD1,1
920,1280,574,608,412,446,die,108.jpg,PAD1,1
920,1280,509,545,412,447,die,108.jpg,PAD1,1
920,1280,453,487,413,447,die,108.jpg,PAD1,1
920,1280,389,425,413,447,die,108.jpg,PAD1,1
920,1280,333,367,412,448,die,108.jpg,PAD1,1
920,1280,266,301,414,450,die,108.jpg,PAD1,1
920,1280,513,549,495,529,die,108.jpg,PAD1,1
920,1280,513,549,570,605,die,108.jpg,PAD1,1
920,1280,457,493,569,605,die,108.jpg,PAD1,1
920,1280,458,492,494,530,die,108.jpg,PAD1,1
920,1280,210,244,413,449,die,108.jpg,PAD1,1
920,1280,270,307,495,532,die,108.jpg,PAD1,1
920,1280,214,249,495,532,die,108.jpg,PAD1,1
920,1280,271,307,571,608,die,108.jpg,PAD1,1
920,1280,213,250,573,608,die,108.jpg,PAD1,1
920,1280,200,237,46,81,die,108.jpg,PAD1,1
920,1280,263,302,88,125,die,11.jpg,PAD1,1
920,1280,323,360,89,127,die,11.jpg,PAD1,1
920,1280,510,546,91,127,die,11.jpg,PAD1,1
920,1280,567,604,88,128,die,11.jpg,PAD1,1
920,1280,511,547,167,204,die,11.jpg,PAD1,1
920,1280,568,605,168,206,die,11.jpg,PAD1,1
920,1280,265,302,165,203,die,11.jpg,PAD1,1
920,1280,322,360,166,203,die,11.jpg,PAD1,1
920,1280,753,790,91,129,die,11.jpg,PAD1,1
920,1280,811,848,92,129,die,11.jpg,PAD1,1
920,1280,753,791,167,206,die,11.jpg,PAD1,1
920,1280,809,848,168,206,die,11.jpg,PAD1,1
920,1280,999,1035,90,128,die,11.jpg,PAD1,1
920,1280,1057,1093,89,127,die,11.jpg,PAD1,1
920,1280,996,1035,165,204,die,11.jpg,PAD1,1
920,1280,1055,1092,167,206,die,11.jpg,PAD1,1
920,1280,1058,1092,252,288,die,11.jpg,PAD1,1
920,1280,999,1035,252,289,die,11.jpg,PAD1,1
920,1280,936,970,252,288,die,11.jpg,PAD1,1
920,1280,879,913,252,287,die,11.jpg,PAD1,1
920,1280,813,849,252,288,die,11.jpg,PAD1,1
920,1280,757,791,252,289,die,11.jpg,PAD1,1
920,1280,691,728,250,288,die,11.jpg,PAD1,1
920,1280,636,672,252,289,die,11.jpg,PAD1,1
920,1280,570,606,250,287,die,11.jpg,PAD1,1
920,1280,513,550,252,287,die,11.jpg,PAD1,1
920,1280,448,485,249,287,die,11.jpg,PAD1,1
920,1280,391,428,250,285,die,11.jpg,PAD1,1
920,1280,327,361,249,285,die,11.jpg,PAD1,1
920,1280,269,304,248,284,die,11.jpg,PAD1,1
920,1280,204,239,247,285,die,11.jpg,PAD1,1
920,1280,145,180,248,284,die,11.jpg,PAD1,1
920,1280,1028,1065,582,620,die,11.jpg,PAD1,1
920,1280,1058,1093,621,657,die,11.jpg,PAD1,1
920,1280,999,1038,621,658,die,11.jpg,PAD1,1
920,1280,907,942,582,617,die,11.jpg,PAD1,1
920,1280,934,969,620,658,die,11.jpg,PAD1,1
920,1280,878,913,620,655,die,11.jpg,PAD1,1
920,1280,784,819,582,618,die,11.jpg,PAD1,1
920,1280,814,849,620,656,die,11.jpg,PAD1,1
920,1280,756,792,618,655,die,11.jpg,PAD1,1
920,1280,692,726,620,657,die,11.jpg,PAD1,1
920,1280,663,698,582,617,die,11.jpg,PAD1,1
920,1280,635,670,618,654,die,11.jpg,PAD1,1
920,1280,542,579,580,615,die,11.jpg,PAD1,1
920,1280,571,605,619,653,die,11.jpg,PAD1,1
920,1280,515,547,618,653,die,11.jpg,PAD1,1
920,1280,449,485,617,653,die,11.jpg,PAD1,1
920,1280,421,456,580,615,die,11.jpg,PAD1,1
920,1280,391,428,616,654,die,11.jpg,PAD1,1
920,1280,298,335,580,616,die,11.jpg,PAD1,1
920,1280,327,363,617,654,die,11.jpg,PAD1,1
920,1280,270,304,618,654,die,11.jpg,PAD1,1
920,1280,176,209,580,614,die,11.jpg,PAD1,1
920,1280,203,239,618,653,die,11.jpg,PAD1,1
920,1280,146,180,618,653,die,11.jpg,PAD1,1
920,1280,826,862,103,139,die,13.jpg,PAD1,1
920,1280,882,918,103,139,die,13.jpg,PAD1,1
920,1280,1070,1108,101,139,die,13.jpg,PAD1,1
920,1280,1130,1166,99,137,die,13.jpg,PAD1,1
920,1280,1129,1165,178,213,die,13.jpg,PAD1,1
920,1280,1070,1107,177,216,die,13.jpg,PAD1,1
920,1280,883,919,180,216,die,13.jpg,PAD1,1
920,1280,825,863,180,216,die,13.jpg,PAD1,1
920,1280,1132,1167,262,297,die,13.jpg,PAD1,1
920,1280,1073,1109,261,297,die,13.jpg,PAD1,1
920,1280,1008,1044,262,299,die,13.jpg,PAD1,1
920,1280,950,986,263,299,die,13.jpg,PAD1,1
920,1280,887,921,263,298,die,13.jpg,PAD1,1
920,1280,830,864,264,299,die,13.jpg,PAD1,1
920,1280,765,801,263,299,die,13.jpg,PAD1,1
920,1280,708,743,264,301,die,13.jpg,PAD1,1
920,1280,1103,1140,592,628,die,13.jpg,PAD1,1
920,1280,1134,1168,632,666,die,13.jpg,PAD1,1
920,1280,1075,1111,631,668,die,13.jpg,PAD1,1
920,1280,1010,1044,632,665,die,13.jpg,PAD1,1
920,1280,980,1016,592,628,die,13.jpg,PAD1,1
920,1280,952,988,632,667,die,13.jpg,PAD1,1
920,1280,886,924,631,667,die,13.jpg,PAD1,1
920,1280,858,894,593,628,die,13.jpg,PAD1,1
920,1280,829,866,629,667,die,13.jpg,PAD1,1
920,1280,738,773,592,627,die,13.jpg,PAD1,1
920,1280,709,744,630,666,die,13.jpg,PAD1,1
920,1280,767,801,631,666,die,13.jpg,PAD1,1
920,1280,640,677,105,142,die,13.jpg,PAD1,1
920,1280,641,676,181,217,die,13.jpg,PAD1,1
920,1280,583,619,104,140,die,13.jpg,PAD1,1
920,1280,583,620,180,217,die,13.jpg,PAD1,1
920,1280,396,433,104,140,die,13.jpg,PAD1,1
920,1280,339,376,104,141,die,13.jpg,PAD1,1
920,1280,341,377,179,216,die,13.jpg,PAD1,1
920,1280,397,433,180,217,die,13.jpg,PAD1,1
920,1280,643,678,265,299,die,13.jpg,PAD1,1
920,1280,587,622,265,299,die,13.jpg,PAD1,1
920,1280,521,558,263,299,die,13.jpg,PAD1,1
920,1280,466,502,265,300,die,13.jpg,PAD1,1
920,1280,401,437,264,299,die,13.jpg,PAD1,1
920,1280,343,380,262,299,die,13.jpg,PAD1,1
920,1280,279,313,264,299,die,13.jpg,PAD1,1
920,1280,222,255,263,298,die,13.jpg,PAD1,1
920,1280,616,652,591,627,die,13.jpg,PAD1,1
920,1280,644,682,629,665,die,13.jpg,PAD1,1
920,1280,590,623,631,665,die,13.jpg,PAD1,1
920,1280,526,559,632,663,die,13.jpg,PAD1,1
920,1280,496,531,594,626,die,13.jpg,PAD1,1
920,1280,467,502,631,665,die,13.jpg,PAD1,1
920,1280,403,436,631,666,die,13.jpg,PAD1,1
920,1280,374,409,591,626,die,13.jpg,PAD1,1
920,1280,346,382,630,665,die,13.jpg,PAD1,1
920,1280,251,287,593,629,die,13.jpg,PAD1,1
920,1280,281,316,631,666,die,13.jpg,PAD1,1
920,1280,224,258,631,666,die,13.jpg,PAD1,1
920,1280,1134,1168,46,80,die,16.jpg,PAD1,1
920,1280,1103,1139,85,120,die,16.jpg,PAD1,1
920,1280,1074,1111,45,82,die,16.jpg,PAD1,1
920,1280,1011,1045,48,82,die,16.jpg,PAD1,1
920,1280,981,1017,84,121,die,16.jpg,PAD1,1
920,1280,953,988,47,82,die,16.jpg,PAD1,1
920,1280,888,924,47,85,die,16.jpg,PAD1,1
920,1280,860,896,86,124,die,16.jpg,PAD1,1
920,1280,831,867,49,85,die,16.jpg,PAD1,1
920,1280,766,802,49,85,die,16.jpg,PAD1,1
920,1280,710,745,48,86,die,16.jpg,PAD1,1
920,1280,738,773,88,123,die,16.jpg,PAD1,1
920,1280,1132,1168,417,451,die,16.jpg,PAD1,1
920,1280,1075,1109,416,451,die,16.jpg,PAD1,1
920,1280,1009,1045,417,453,die,16.jpg,PAD1,1
920,1280,953,988,417,452,die,16.jpg,PAD1,1
920,1280,887,923,418,453,die,16.jpg,PAD1,1
920,1280,831,867,417,452,die,16.jpg,PAD1,1
920,1280,767,801,418,451,die,16.jpg,PAD1,1
920,1280,710,746,417,451,die,16.jpg,PAD1,1
920,1280,1010,1049,499,534,die,16.jpg,PAD1,1
920,1280,1012,1048,574,611,die,16.jpg,PAD1,1
920,1280,955,991,498,536,die,16.jpg,PAD1,1
920,1280,955,992,575,611,die,16.jpg,PAD1,1
920,1280,770,806,498,534,die,16.jpg,PAD1,1
920,1280,769,806,573,611,die,16.jpg,PAD1,1
920,1280,713,748,497,536,die,16.jpg,PAD1,1
920,1280,714,749,574,612,die,16.jpg,PAD1,1
920,1280,646,680,50,87,die,16.jpg,PAD1,1
920,1280,618,651,88,124,die,16.jpg,PAD1,1
920,1280,588,624,49,85,die,16.jpg,PAD1,1
920,1280,523,560,49,85,die,16.jpg,PAD1,1
920,1280,496,531,88,124,die,16.jpg,PAD1,1
920,1280,466,503,49,85,die,16.jpg,PAD1,1
920,1280,402,437,49,84,die,16.jpg,PAD1,1
920,1280,345,381,48,85,die,16.jpg,PAD1,1
920,1280,375,410,89,122,die,16.jpg,PAD1,1
920,1280,279,316,48,85,die,16.jpg,PAD1,1
920,1280,221,257,48,82,die,16.jpg,PAD1,1
920,1280,252,287,87,122,die,16.jpg,PAD1,1
920,1280,647,681,417,452,die,16.jpg,PAD1,1
920,1280,590,626,416,451,die,16.jpg,PAD1,1
920,1280,525,563,417,452,die,16.jpg,PAD1,1
920,1280,470,505,417,452,die,16.jpg,PAD1,1
920,1280,407,440,417,449,die,16.jpg,PAD1,1
920,1280,348,383,415,451,die,16.jpg,PAD1,1
920,1280,283,320,415,453,die,16.jpg,PAD1,1
920,1280,225,262,415,452,die,16.jpg,PAD1,1
920,1280,529,565,498,535,die,16.jpg,PAD1,1
920,1280,528,565,573,610,die,16.jpg,PAD1,1
920,1280,472,508,499,534,die,16.jpg,PAD1,1
920,1280,472,507,574,610,die,16.jpg,PAD1,1
920,1280,286,323,497,535,die,16.jpg,PAD1,1
920,1280,287,322,574,610,die,16.jpg,PAD1,1
920,1280,228,265,496,533,die,16.jpg,PAD1,1
920,1280,229,265,572,610,die,16.jpg,PAD1,1
920,1280,1140,1177,64,102,die,18.jpg,PAD1,1
920,1280,1081,1119,65,104,die,18.jpg,PAD1,1
920,1280,1139,1176,144,181,die,18.jpg,PAD1,1
920,1280,1081,1118,143,180,die,18.jpg,PAD1,1
920,1280,1142,1178,228,264,die,18.jpg,PAD1,1
920,1280,1084,1120,228,264,die,18.jpg,PAD1,1
920,1280,1019,1054,229,265,die,18.jpg,PAD1,1
920,1280,961,997,229,263,die,18.jpg,PAD1,1
920,1280,896,932,229,264,die,18.jpg,PAD1,1
920,1280,840,875,230,264,die,18.jpg,PAD1,1
920,1280,894,931,146,183,die,18.jpg,PAD1,1
920,1280,895,931,69,105,die,18.jpg,PAD1,1
920,1280,837,874,69,106,die,18.jpg,PAD1,1
920,1280,837,873,145,182,die,18.jpg,PAD1,1
920,1280,776,811,228,264,die,18.jpg,PAD1,1
920,1280,720,753,231,264,die,18.jpg,PAD1,1
920,1280,1113,1148,560,594,die,18.jpg,PAD1,1
920,1280,1142,1175,598,631,die,18.jpg,PAD1,1
920,1280,1084,1118,597,632,die,18.jpg,PAD1,1
920,1280,990,1024,559,594,die,18.jpg,PAD1,1
920,1280,1019,1053,595,631,die,18.jpg,PAD1,1
920,1280,961,996,597,631,die,18.jpg,PAD1,1
920,1280,868,902,557,593,die,18.jpg,PAD1,1
920,1280,897,931,596,631,die,18.jpg,PAD1,1
920,1280,839,875,594,630,die,18.jpg,PAD1,1
920,1280,747,782,557,593,die,18.jpg,PAD1,1
920,1280,776,810,594,630,die,18.jpg,PAD1,1
920,1280,720,753,595,629,die,18.jpg,PAD1,1
920,1280,628,661,557,590,die,18.jpg,PAD1,1
920,1280,655,690,594,630,die,18.jpg,PAD1,1
920,1280,598,634,594,628,die,18.jpg,PAD1,1
920,1280,507,541,556,591,die,18.jpg,PAD1,1
920,1280,536,568,595,627,die,18.jpg,PAD1,1
920,1280,479,513,594,629,die,18.jpg,PAD1,1
920,1280,386,419,555,590,die,18.jpg,PAD1,1
920,1280,413,450,591,628,die,18.jpg,PAD1,1
920,1280,356,393,592,628,die,18.jpg,PAD1,1
920,1280,263,299,554,590,die,18.jpg,PAD1,1
920,1280,236,268,593,627,die,18.jpg,PAD1,1
920,1280,292,328,593,628,die,18.jpg,PAD1,1
920,1280,655,690,229,264,die,18.jpg,PAD1,1
920,1280,600,633,231,263,die,18.jpg,PAD1,1
920,1280,534,570,226,263,die,18.jpg,PAD1,1
920,1280,478,514,227,265,die,18.jpg,PAD1,1
920,1280,412,449,228,263,die,18.jpg,PAD1,1
920,1280,357,391,228,262,die,18.jpg,PAD1,1
920,1280,291,326,226,262,die,18.jpg,PAD1,1
920,1280,234,268,227,260,die,18.jpg,PAD1,1
920,1280,652,688,146,182,die,18.jpg,PAD1,1
920,1280,595,632,144,182,die,18.jpg,PAD1,1
920,1280,595,632,68,105,die,18.jpg,PAD1,1
920,1280,652,689,68,107,die,18.jpg,PAD1,1
920,1280,409,446,67,103,die,18.jpg,PAD1,1
920,1280,352,389,65,103,die,18.jpg,PAD1,1
920,1280,409,446,144,181,die,18.jpg,PAD1,1
920,1280,352,390,142,180,die,18.jpg,PAD1,1
920,1280,1161,1198,20,56,die,2.jpg,PAD1,1
920,1280,1132,1169,61,98,die,2.jpg,PAD1,1
920,1280,1103,1140,22,58,die,2.jpg,PAD1,1
920,1280,1036,1073,23,60,die,2.jpg,PAD1,1
920,1280,1009,1042,64,98,die,2.jpg,PAD1,1
920,1280,979,1016,24,59,die,2.jpg,PAD1,1
920,1280,913,949,25,60,die,2.jpg,PAD1,1
920,1280,884,919,64,101,die,2.jpg,PAD1,1
920,1280,855,890,24,62,die,2.jpg,PAD1,1
920,1280,790,825,25,61,die,2.jpg,PAD1,1
920,1280,761,796,64,98,die,2.jpg,PAD1,1
920,1280,733,768,26,61,die,2.jpg,PAD1,1
920,1280,1161,1195,398,435,die,2.jpg,PAD1,1
920,1280,1102,1137,398,434,die,2.jpg,PAD1,1
920,1280,1036,1071,398,435,die,2.jpg,PAD1,1
920,1280,978,1013,399,435,die,2.jpg,PAD1,1
920,1280,911,948,399,436,die,2.jpg,PAD1,1
920,1280,855,890,399,435,die,2.jpg,PAD1,1
920,1280,790,825,399,434,die,2.jpg,PAD1,1
920,1280,732,768,399,433,die,2.jpg,PAD1,1
920,1280,1038,1075,483,519,die,2.jpg,PAD1,1
920,1280,1038,1074,560,596,die,2.jpg,PAD1,1
920,1280,980,1016,481,519,die,2.jpg,PAD1,1
920,1280,979,1016,559,595,die,2.jpg,PAD1,1
920,1280,790,829,483,519,die,2.jpg,PAD1,1
920,1280,735,769,479,518,die,2.jpg,PAD1,1
920,1280,791,829,556,595,die,2.jpg,PAD1,1
920,1280,735,769,559,595,die,2.jpg,PAD1,1
920,1280,666,701,26,60,die,2.jpg,PAD1,1
920,1280,638,671,65,101,die,2.jpg,PAD1,1
920,1280,609,644,26,62,die,2.jpg,PAD1,1
920,1280,544,577,26,63,die,2.jpg,PAD1,1
920,1280,515,550,65,100,die,2.jpg,PAD1,1
920,1280,485,520,25,61,die,2.jpg,PAD1,1
920,1280,421,455,26,61,die,2.jpg,PAD1,1
920,1280,361,397,24,61,die,2.jpg,PAD1,1
920,1280,391,426,64,100,die,2.jpg,PAD1,1
920,1280,295,331,24,59,die,2.jpg,PAD1,1
920,1280,237,272,24,60,die,2.jpg,PAD1,1
920,1280,266,303,62,101,die,2.jpg,PAD1,1
920,1280,667,703,400,435,die,2.jpg,PAD1,1
920,1280,609,645,396,433,die,2.jpg,PAD1,1
920,1280,544,581,398,434,die,2.jpg,PAD1,1
920,1280,488,523,397,434,die,2.jpg,PAD1,1
920,1280,422,458,397,434,die,2.jpg,PAD1,1
920,1280,364,401,397,434,die,2.jpg,PAD1,1
920,1280,298,335,397,434,die,2.jpg,PAD1,1
920,1280,241,276,397,433,die,2.jpg,PAD1,1
920,1280,548,584,480,517,die,2.jpg,PAD1,1
920,1280,547,584,557,594,die,2.jpg,PAD1,1
920,1280,489,527,557,594,die,2.jpg,PAD1,1
920,1280,490,526,482,517,die,2.jpg,PAD1,1
920,1280,300,339,481,517,die,2.jpg,PAD1,1
920,1280,302,339,555,593,die,2.jpg,PAD1,1
920,1280,243,279,480,517,die,2.jpg,PAD1,1
920,1280,243,280,557,594,die,2.jpg,PAD1,1
920,1280,269,305,86,124,die,21.jpg,PAD1,1
920,1280,299,335,125,162,die,21.jpg,PAD1,1
920,1280,328,364,88,124,die,21.jpg,PAD1,1
920,1280,393,429,87,124,die,21.jpg,PAD1,1
920,1280,451,486,89,124,die,21.jpg,PAD1,1
920,1280,422,458,128,162,die,21.jpg,PAD1,1
920,1280,516,551,89,125,die,21.jpg,PAD1,1
920,1280,572,609,90,125,die,21.jpg,PAD1,1
920,1280,545,579,127,163,die,21.jpg,PAD1,1
920,1280,636,672,90,125,die,21.jpg,PAD1,1
920,1280,694,729,88,125,die,21.jpg,PAD1,1
920,1280,667,700,128,164,die,21.jpg,PAD1,1
920,1280,759,795,90,124,die,21.jpg,PAD1,1
920,1280,816,852,90,126,die,21.jpg,PAD1,1
920,1280,786,824,127,164,die,21.jpg,PAD1,1
920,1280,880,917,87,126,die,21.jpg,PAD1,1
920,1280,938,974,89,125,die,21.jpg,PAD1,1
920,1280,910,946,127,163,die,21.jpg,PAD1,1
920,1280,1004,1039,87,124,die,21.jpg,PAD1,1
920,1280,1060,1099,87,124,die,21.jpg,PAD1,1
920,1280,1032,1068,125,164,die,21.jpg,PAD1,1
920,1280,1128,1164,87,119,die,21.jpg,PAD1,1
920,1280,1186,1222,84,122,die,21.jpg,PAD1,1
920,1280,1156,1194,123,162,die,21.jpg,PAD1,1
920,1280,1185,1221,459,495,die,21.jpg,PAD1,1
920,1280,1126,1163,458,496,die,21.jpg,PAD1,1
920,1280,1060,1097,458,495,die,21.jpg,PAD1,1
920,1280,1004,1038,460,494,die,21.jpg,PAD1,1
920,1280,937,974,458,496,die,21.jpg,PAD1,1
920,1280,882,916,460,494,die,21.jpg,PAD1,1
920,1280,816,852,460,495,die,21.jpg,PAD1,1
920,1280,759,795,459,495,die,21.jpg,PAD1,1
920,1280,694,730,457,494,die,21.jpg,PAD1,1
920,1280,638,672,460,493,die,21.jpg,PAD1,1
920,1280,573,609,457,493,die,21.jpg,PAD1,1
920,1280,516,553,457,493,die,21.jpg,PAD1,1
920,1280,452,488,458,493,die,21.jpg,PAD1,1
920,1280,395,431,457,493,die,21.jpg,PAD1,1
920,1280,330,364,458,492,die,21.jpg,PAD1,1
920,1280,273,309,456,492,die,21.jpg,PAD1,1
920,1280,1063,1099,540,580,die,21.jpg,PAD1,1
920,1280,1006,1041,542,578,die,21.jpg,PAD1,1
920,1280,1006,1041,618,654,die,21.jpg,PAD1,1
920,1280,1063,1100,618,655,die,21.jpg,PAD1,1
920,1280,819,854,542,578,die,21.jpg,PAD1,1
920,1280,819,854,617,653,die,21.jpg,PAD1,1
920,1280,762,797,542,577,die,21.jpg,PAD1,1
920,1280,762,796,618,653,die,21.jpg,PAD1,1
920,1280,577,612,540,574,die,21.jpg,PAD1,1
920,1280,577,613,615,653,die,21.jpg,PAD1,1
920,1280,520,554,616,650,die,21.jpg,PAD1,1
920,1280,519,555,539,576,die,21.jpg,PAD1,1
920,1280,332,369,539,574,die,21.jpg,PAD1,1
920,1280,333,368,616,650,die,21.jpg,PAD1,1
920,1280,275,311,540,577,die,21.jpg,PAD1,1
920,1280,274,312,614,652,die,21.jpg,PAD1,1
920,1280,1180,1217,84,119,die,25.jpg,PAD1,1
920,1280,1150,1187,122,161,die,25.jpg,PAD1,1
920,1280,1121,1157,84,120,die,25.jpg,PAD1,1
920,1280,1055,1091,86,121,die,25.jpg,PAD1,1
920,1280,1026,1061,124,161,die,25.jpg,PAD1,1
920,1280,996,1033,86,123,die,25.jpg,PAD1,1
920,1280,931,967,86,123,die,25.jpg,PAD1,1
920,1280,903,937,127,161,die,25.jpg,PAD1,1
920,1280,873,909,88,123,die,25.jpg,PAD1,1
920,1280,808,844,88,122,die,25.jpg,PAD1,1
920,1280,780,815,127,162,die,25.jpg,PAD1,1
920,1280,751,787,88,124,die,25.jpg,PAD1,1
920,1280,1179,1214,461,494,die,25.jpg,PAD1,1
920,1280,1120,1157,459,496,die,25.jpg,PAD1,1
920,1280,1054,1089,458,496,die,25.jpg,PAD1,1
920,1280,996,1032,458,495,die,25.jpg,PAD1,1
920,1280,930,967,458,494,die,25.jpg,PAD1,1
920,1280,875,907,460,494,die,25.jpg,PAD1,1
920,1280,809,843,459,494,die,25.jpg,PAD1,1
920,1280,751,786,458,495,die,25.jpg,PAD1,1
920,1280,1056,1093,544,580,die,25.jpg,PAD1,1
920,1280,999,1035,543,578,die,25.jpg,PAD1,1
920,1280,998,1035,619,656,die,25.jpg,PAD1,1
920,1280,1056,1094,620,656,die,25.jpg,PAD1,1
920,1280,810,846,541,578,die,25.jpg,PAD1,1
920,1280,812,847,618,655,die,25.jpg,PAD1,1
920,1280,753,789,541,578,die,25.jpg,PAD1,1
920,1280,753,789,618,655,die,25.jpg,PAD1,1
920,1280,684,722,88,125,die,25.jpg,PAD1,1
920,1280,656,692,126,163,die,25.jpg,PAD1,1
920,1280,628,663,88,123,die,25.jpg,PAD1,1
920,1280,563,599,88,123,die,25.jpg,PAD1,1
920,1280,506,541,88,124,die,25.jpg,PAD1,1
920,1280,535,570,127,162,die,25.jpg,PAD1,1
920,1280,440,476,88,123,die,25.jpg,PAD1,1
920,1280,411,447,127,160,die,25.jpg,PAD1,1
920,1280,381,419,86,124,die,25.jpg,PAD1,1
920,1280,316,353,86,123,die,25.jpg,PAD1,1
920,1280,288,323,125,161,die,25.jpg,PAD1,1
920,1280,258,295,85,123,die,25.jpg,PAD1,1
920,1280,687,721,460,495,die,25.jpg,PAD1,1
920,1280,628,665,459,495,die,25.jpg,PAD1,1
920,1280,564,601,458,494,die,25.jpg,PAD1,1
920,1280,510,541,460,494,die,25.jpg,PAD1,1
920,1280,443,478,458,494,die,25.jpg,PAD1,1
920,1280,386,419,459,494,die,25.jpg,PAD1,1
920,1280,319,356,456,495,die,25.jpg,PAD1,1
920,1280,262,297,458,494,die,25.jpg,PAD1,1
920,1280,566,604,541,579,die,25.jpg,PAD1,1
920,1280,566,603,616,654,die,25.jpg,PAD1,1
920,1280,510,546,540,576,die,25.jpg,PAD1,1
920,1280,510,545,618,654,die,25.jpg,PAD1,1
920,1280,321,359,538,575,die,25.jpg,PAD1,1
920,1280,322,358,617,653,die,25.jpg,PAD1,1
920,1280,264,300,541,577,die,25.jpg,PAD1,1
920,1280,264,300,615,653,die,25.jpg,PAD1,1
920,1280,1179,1217,135,173,die,28.jpg,PAD1,1
920,1280,1121,1159,136,174,die,28.jpg,PAD1,1
920,1280,1121,1159,213,250,die,28.jpg,PAD1,1
920,1280,1180,1217,214,251,die,28.jpg,PAD1,1
920,1280,931,968,139,174,die,28.jpg,PAD1,1
920,1280,874,910,140,176,die,28.jpg,PAD1,1
920,1280,932,968,217,255,die,28.jpg,PAD1,1
920,1280,873,911,217,253,die,28.jpg,PAD1,1
920,1280,1182,1219,299,336,die,28.jpg,PAD1,1
920,1280,1124,1161,299,336,die,28.jpg,PAD1,1
920,1280,1057,1094,297,336,die,28.jpg,PAD1,1
920,1280,1000,1034,300,337,die,28.jpg,PAD1,1
920,1280,934,971,300,339,die,28.jpg,PAD1,1
920,1280,876,913,300,338,die,28.jpg,PAD1,1
920,1280,813,846,301,338,die,28.jpg,PAD1,1
920,1280,754,790,300,337,die,28.jpg,PAD1,1
920,1280,1155,1190,635,671,die,28.jpg,PAD1,1
920,1280,1184,1220,674,710,die,28.jpg,PAD1,1
920,1280,1124,1162,672,709,die,28.jpg,PAD1,1
920,1280,1030,1066,634,671,die,28.jpg,PAD1,1
920,1280,1059,1093,674,710,die,28.jpg,PAD1,1
920,1280,1000,1036,671,709,die,28.jpg,PAD1,1
920,1280,906,942,630,670,die,28.jpg,PAD1,1
920,1280,937,970,674,710,die,28.jpg,PAD1,1
920,1280,876,914,671,709,die,28.jpg,PAD1,1
920,1280,783,818,634,669,die,28.jpg,PAD1,1
920,1280,813,845,672,707,die,28.jpg,PAD1,1
920,1280,754,791,672,707,die,28.jpg,PAD1,1
920,1280,687,722,140,177,die,28.jpg,PAD1,1
920,1280,685,722,217,253,die,28.jpg,PAD1,1
920,1280,628,664,217,254,die,28.jpg,PAD1,1
920,1280,628,664,139,176,die,28.jpg,PAD1,1
920,1280,689,724,302,338,die,28.jpg,PAD1,1
920,1280,631,667,301,337,die,28.jpg,PAD1,1
920,1280,662,695,632,668,die,28.jpg,PAD1,1
920,1280,690,725,670,706,die,28.jpg,PAD1,1
920,1280,633,666,673,706,die,28.jpg,PAD1,1
920,1280,567,602,301,337,die,28.jpg,PAD1,1
920,1280,510,544,301,337,die,28.jpg,PAD1,1
920,1280,444,480,300,336,die,28.jpg,PAD1,1
920,1280,386,423,299,336,die,28.jpg,PAD1,1
920,1280,321,357,299,335,die,28.jpg,PAD1,1
920,1280,263,298,299,335,die,28.jpg,PAD1,1
920,1280,441,478,217,254,die,28.jpg,PAD1,1
920,1280,439,477,138,176,die,28.jpg,PAD1,1
920,1280,382,420,138,175,die,28.jpg,PAD1,1
920,1280,383,421,215,254,die,28.jpg,PAD1,1
920,1280,539,574,631,669,die,28.jpg,PAD1,1
920,1280,568,602,671,707,die,28.jpg,PAD1,1
920,1280,509,546,667,706,die,28.jpg,PAD1,1
920,1280,445,481,671,706,die,28.jpg,PAD1,1
920,1280,416,452,632,667,die,28.jpg,PAD1,1
920,1280,387,424,669,706,die,28.jpg,PAD1,1
920,1280,293,329,632,669,die,28.jpg,PAD1,1
920,1280,322,358,671,706,die,28.jpg,PAD1,1
920,1280,264,299,670,706,die,28.jpg,PAD1,1
920,1280,1009,1045,1,37,die,4.jpg,PAD1,1
920,1280,885,922,2,38,die,4.jpg,PAD1,1
920,1280,762,799,3,40,die,4.jpg,PAD1,1
920,1280,641,675,4,40,die,4.jpg,PAD1,1
920,1280,1040,1075,335,369,die,4.jpg,PAD1,1
920,1280,982,1017,337,371,die,4.jpg,PAD1,1
920,1280,916,952,337,373,die,4.jpg,PAD1,1
920,1280,860,895,339,372,die,4.jpg,PAD1,1
920,1280,794,829,339,375,die,4.jpg,PAD1,1
920,1280,737,772,339,375,die,4.jpg,PAD1,1
920,1280,672,707,340,375,die,4.jpg,PAD1,1
920,1280,615,651,340,375,die,4.jpg,PAD1,1
920,1280,918,956,422,455,die,4.jpg,PAD1,1
920,1280,921,956,498,533,die,4.jpg,PAD1,1
920,1280,862,897,420,458,die,4.jpg,PAD1,1
920,1280,862,898,498,534,die,4.jpg,PAD1,1
920,1280,674,710,422,457,die,4.jpg,PAD1,1
920,1280,618,654,422,460,die,4.jpg,PAD1,1
920,1280,620,655,499,533,die,4.jpg,PAD1,1
920,1280,675,712,496,534,die,4.jpg,PAD1,1
920,1280,516,552,5,42,die,4.jpg,PAD1,1
920,1280,393,429,5,41,die,4.jpg,PAD1,1
920,1280,267,305,5,42,die,4.jpg,PAD1,1
920,1280,143,179,6,42,die,4.jpg,PAD1,1
920,1280,122,156,342,378,die,4.jpg,PAD1,1
920,1280,179,216,341,377,die,4.jpg,PAD1,1
920,1280,246,282,341,378,die,4.jpg,PAD1,1
920,1280,306,340,341,376,die,4.jpg,PAD1,1
920,1280,371,405,341,376,die,4.jpg,PAD1,1
920,1280,427,463,341,376,die,4.jpg,PAD1,1
920,1280,493,528,340,375,die,4.jpg,PAD1,1
920,1280,549,586,340,376,die,4.jpg,PAD1,1
920,1280,430,466,424,460,die,4.jpg,PAD1,1
920,1280,432,468,500,534,die,4.jpg,PAD1,1
920,1280,373,409,423,460,die,4.jpg,PAD1,1
920,1280,374,410,500,536,die,4.jpg,PAD1,1
920,1280,183,220,425,460,die,4.jpg,PAD1,1
920,1280,183,221,500,536,die,4.jpg,PAD1,1
920,1280,124,161,425,461,die,4.jpg,PAD1,1
920,1280,126,161,502,537,die,4.jpg,PAD1,1
920,1280,1135,1172,165,201,die,86.jpg,PAD1,1
920,1280,1132,1171,240,278,die,86.jpg,PAD1,1
920,1280,1076,1113,241,277,die,86.jpg,PAD1,1
920,1280,1077,1114,165,202,die,86.jpg,PAD1,1
920,1280,890,925,162,200,die,86.jpg,PAD1,1
920,1280,832,868,162,198,die,86.jpg,PAD1,1
920,1280,888,924,240,276,die,86.jpg,PAD1,1
920,1280,831,867,239,274,die,86.jpg,PAD1,1
920,1280,1135,1169,327,361,die,86.jpg,PAD1,1
920,1280,1078,1113,326,362,die,86.jpg,PAD1,1
920,1280,1012,1048,323,361,die,86.jpg,PAD1,1
920,1280,955,989,324,360,die,86.jpg,PAD1,1
920,1280,890,925,323,359,die,86.jpg,PAD1,1
920,1280,835,867,323,357,die,86.jpg,PAD1,1
920,1280,769,803,321,357,die,86.jpg,PAD1,1
920,1280,713,747,320,355,die,86.jpg,PAD1,1
920,1280,1102,1136,657,693,die,86.jpg,PAD1,1
920,1280,1131,1167,696,732,die,86.jpg,PAD1,1
920,1280,1073,1109,695,731,die,86.jpg,PAD1,1
920,1280,977,1016,654,689,die,86.jpg,PAD1,1
920,1280,1008,1042,696,728,die,86.jpg,PAD1,1
920,1280,950,984,694,725,die,86.jpg,PAD1,1
920,1280,856,893,651,688,die,86.jpg,PAD1,1
920,1280,886,920,692,725,die,86.jpg,PAD1,1
920,1280,827,863,688,726,die,86.jpg,PAD1,1
920,1280,736,770,649,685,die,86.jpg,PAD1,1
920,1280,764,799,688,723,die,86.jpg,PAD1,1
920,1280,706,742,686,722,die,86.jpg,PAD1,1
920,1280,646,683,160,196,die,86.jpg,PAD1,1
920,1280,589,626,160,195,die,86.jpg,PAD1,1
920,1280,646,682,235,273,die,86.jpg,PAD1,1
920,1280,590,625,234,272,die,86.jpg,PAD1,1
920,1280,648,682,319,354,die,86.jpg,PAD1,1
920,1280,590,626,318,355,die,86.jpg,PAD1,1
920,1280,527,562,316,352,die,86.jpg,PAD1,1
920,1280,469,506,315,350,die,86.jpg,PAD1,1
920,1280,615,650,646,682,die,86.jpg,PAD1,1
920,1280,643,678,686,720,die,86.jpg,PAD1,1
920,1280,586,622,685,719,die,86.jpg,PAD1,1
920,1280,494,528,645,679,die,86.jpg,PAD1,1
920,1280,521,556,682,719,die,86.jpg,PAD1,1
920,1280,465,498,683,715,die,86.jpg,PAD1,1
920,1280,403,440,153,190,die,86.jpg,PAD1,1
920,1280,402,440,231,267,die,86.jpg,PAD1,1
920,1280,346,383,153,190,die,86.jpg,PAD1,1
920,1280,344,382,228,266,die,86.jpg,PAD1,1
920,1280,405,440,314,349,die,86.jpg,PAD1,1
920,1280,348,383,312,347,die,86.jpg,PAD1,1
920,1280,282,318,311,346,die,86.jpg,PAD1,1
920,1280,224,260,309,346,die,86.jpg,PAD1,1
920,1280,372,408,642,678,die,86.jpg,PAD1,1
920,1280,401,435,681,715,die,86.jpg,PAD1,1
920,1280,343,379,680,716,die,86.jpg,PAD1,1
920,1280,250,285,640,675,die,86.jpg,PAD1,1
920,1280,219,255,679,713,die,86.jpg,PAD1,1
920,1280,278,313,678,715,die,86.jpg,PAD1,1
920,1280,350,388,180,222,die,92.jpg,PAD1,1
920,1280,1144,1182,178,214,die,92.jpg,PAD1,1
920,1280,1086,1124,179,216,die,92.jpg,PAD1,1
920,1280,1145,1182,253,294,die,92.jpg,PAD1,1
920,1280,1087,1123,255,292,die,92.jpg,PAD1,1
920,1280,898,934,181,217,die,92.jpg,PAD1,1
920,1280,839,878,181,218,die,92.jpg,PAD1,1
920,1280,840,877,259,294,die,92.jpg,PAD1,1
920,1280,897,935,259,294,die,92.jpg,PAD1,1
920,1280,1149,1183,340,376,die,92.jpg,PAD1,1
920,1280,1090,1125,340,375,die,92.jpg,PAD1,1
920,1280,1024,1060,339,376,die,92.jpg,PAD1,1
920,1280,968,1001,342,377,die,92.jpg,PAD1,1
920,1280,900,937,342,379,die,92.jpg,PAD1,1
920,1280,844,879,343,378,die,92.jpg,PAD1,1
920,1280,779,814,343,379,die,92.jpg,PAD1,1
920,1280,722,757,343,379,die,92.jpg,PAD1,1
920,1280,1123,1156,673,708,die,92.jpg,PAD1,1
920,1280,1151,1187,713,748,die,92.jpg,PAD1,1
920,1280,1092,1131,712,749,die,92.jpg,PAD1,1
920,1280,997,1033,674,711,die,92.jpg,PAD1,1
920,1280,970,1004,711,747,die,92.jpg,PAD1,1
920,1280,1027,1063,712,748,die,92.jpg,PAD1,1
920,1280,875,910,674,708,die,92.jpg,PAD1,1
920,1280,904,939,710,748,die,92.jpg,PAD1,1
920,1280,847,881,711,748,die,92.jpg,PAD1,1
920,1280,753,787,674,709,die,92.jpg,PAD1,1
920,1280,782,817,711,747,die,92.jpg,PAD1,1
920,1280,724,761,712,748,die,92.jpg,PAD1,1
920,1280,655,688,183,219,die,92.jpg,PAD1,1
920,1280,655,691,261,296,die,92.jpg,PAD1,1
920,1280,598,633,260,296,die,92.jpg,PAD1,1
920,1280,595,634,182,220,die,92.jpg,PAD1,1
920,1280,409,446,182,221,die,92.jpg,PAD1,1
920,1280,411,447,260,297,die,92.jpg,PAD1,1
920,1280,353,390,259,296,die,92.jpg,PAD1,1
920,1280,658,692,344,379,die,92.jpg,PAD1,1
920,1280,601,636,344,378,die,92.jpg,PAD1,1
920,1280,536,571,344,379,die,92.jpg,PAD1,1
920,1280,479,515,344,379,die,92.jpg,PAD1,1
920,1280,412,450,343,379,die,92.jpg,PAD1,1
920,1280,355,391,343,378,die,92.jpg,PAD1,1
920,1280,292,328,343,379,die,92.jpg,PAD1,1
920,1280,633,665,673,707,die,92.jpg,PAD1,1
920,1280,660,695,710,746,die,92.jpg,PAD1,1
920,1280,603,639,711,747,die,92.jpg,PAD1,1
920,1280,511,544,674,709,die,92.jpg,PAD1,1
920,1280,539,573,712,746,die,92.jpg,PAD1,1
920,1280,480,516,712,747,die,92.jpg,PAD1,1
920,1280,388,421,675,708,die,92.jpg,PAD1,1
920,1280,359,394,712,747,die,92.jpg,PAD1,1
920,1280,416,451,712,746,die,92.jpg,PAD1,1
920,1280,233,269,341,379,die,92.jpg,PAD1,1
920,1280,265,299,673,711,die,92.jpg,PAD1,1
920,1280,293,329,712,747,die,92.jpg,PAD1,1
920,1280,235,271,713,750,die,92.jpg,PAD1,1
920,1280,1123,1160,158,196,die,96.jpg,PAD1,1
920,1280,1123,1159,237,274,die,96.jpg,PAD1,1
920,1280,1064,1102,159,196,die,96.jpg,PAD1,1
920,1280,1064,1101,236,273,die,96.jpg,PAD1,1
920,1280,1125,1160,320,357,die,96.jpg,PAD1,1
920,1280,1067,1102,321,357,die,96.jpg,PAD1,1
920,1280,1094,1130,654,691,die,96.jpg,PAD1,1
920,1280,1124,1160,693,729,die,96.jpg,PAD1,1
920,1280,1065,1102,692,729,die,96.jpg,PAD1,1
920,1280,1002,1035,321,355,die,96.jpg,PAD1,1
920,1280,944,978,319,356,die,96.jpg,PAD1,1
920,1280,879,913,321,357,die,96.jpg,PAD1,1
920,1280,972,1006,655,689,die,96.jpg,PAD1,1
920,1280,1000,1035,693,728,die,96.jpg,PAD1,1
920,1280,942,979,690,727,die,96.jpg,PAD1,1
920,1280,876,913,158,195,die,96.jpg,PAD1,1
920,1280,818,855,158,196,die,96.jpg,PAD1,1
920,1280,876,912,236,274,die,96.jpg,PAD1,1
920,1280,818,854,236,274,die,96.jpg,PAD1,1
920,1280,821,855,321,354,die,96.jpg,PAD1,1
920,1280,755,791,320,357,die,96.jpg,PAD1,1
920,1280,699,734,319,356,die,96.jpg,PAD1,1
920,1280,848,883,653,688,die,96.jpg,PAD1,1
920,1280,820,854,691,726,die,96.jpg,PAD1,1
920,1280,876,912,689,727,die,96.jpg,PAD1,1
920,1280,727,760,650,686,die,96.jpg,PAD1,1
920,1280,756,788,690,725,die,96.jpg,PAD1,1
920,1280,698,732,689,724,die,96.jpg,PAD1,1
920,1280,633,668,156,195,die,96.jpg,PAD1,1
920,1280,632,667,236,274,die,96.jpg,PAD1,1
920,1280,575,610,157,194,die,96.jpg,PAD1,1
920,1280,575,610,234,272,die,96.jpg,PAD1,1
920,1280,634,669,318,355,die,96.jpg,PAD1,1
920,1280,578,611,318,354,die,96.jpg,PAD1,1
920,1280,512,547,318,352,die,96.jpg,PAD1,1
920,1280,455,490,317,353,die,96.jpg,PAD1,1
920,1280,605,638,650,684,die,96.jpg,PAD1,1
920,1280,632,667,688,724,die,96.jpg,PAD1,1
920,1280,576,610,688,723,die,96.jpg,PAD1,1
920,1280,511,547,687,722,die,96.jpg,PAD1,1
920,1280,483,517,648,684,die,96.jpg,PAD1,1
920,1280,454,488,687,722,die,96.jpg,PAD1,1
920,1280,360,395,648,683,die,96.jpg,PAD1,1
920,1280,389,423,686,722,die,96.jpg,PAD1,1
920,1280,330,366,685,722,die,96.jpg,PAD1,1
920,1280,237,270,648,682,die,96.jpg,PAD1,1
920,1280,265,299,685,720,die,96.jpg,PAD1,1
920,1280,207,240,687,720,die,96.jpg,PAD1,1
920,1280,390,424,317,351,die,96.jpg,PAD1,1
920,1280,332,367,315,350,die,96.jpg,PAD1,1
920,1280,265,303,314,351,die,96.jpg,PAD1,1
920,1280,208,243,314,350,die,96.jpg,PAD1,1
920,1280,329,365,154,192,die,96.jpg,PAD1,1
920,1280,387,422,155,192,die,96.jpg,PAD1,1
920,1280,328,366,230,267,die,96.jpg,PAD1,1
920,1280,387,423,232,269,die,96.jpg,PAD1,1
